"csv_path","csv_name_edu","csv_name_pop","csv_name_mort","csv_name_elec","csv_name_mcf","rds_model_glm","rds_coef_model_glm","scenario","predict_manual","area_name","fertility_dynamic","n_hh","timesteps","sim_seed","run_id","duration","iteration","population_init","sampling_fraction","experiment","csv_name_urban","csv_name_asfr","date","sogreen_scenario","seed"
"/data/metab/camille/MSM_ppp/analysis/data/derived_data/","education_scenarios.csv","base_pop.csv","mortality_scenarios.csv","elec_scenario.csv","mcf_scenario.csv","model_glm_simple_no_urban.rds",NA,"SSP1",FALSE,"Zambia",TRUE,5500,11,71761,"1_SSP1_1_71761",51.2981667995453,1,22387,709.31210077277,1,NA,NA,NA,NA,NA
"/data/metab/camille/MSM_ppp/analysis/data/derived_data/","education_scenarios.csv","base_pop.csv","mortality_scenarios.csv","elec_scenario.csv","mcf_scenario.csv","model_glm_simple_no_urban.rds",NA,"SSP1",FALSE,"Zambia",TRUE,5500,11,19489,"1_SSP1_2_19489",50.5924843192101,2,21893,725.317224683689,1,NA,NA,NA,NA,NA
"/data/metab/camille/MSM_ppp/analysis/data/derived_data/","education_scenarios.csv","base_pop.csv","mortality_scenarios.csv","elec_scenario.csv","mcf_scenario.csv","model_glm_simple_no_urban.rds",NA,"SSP1",FALSE,"Zambia",TRUE,5500,11,34732,"1_SSP1_3_34732",53.1604761481285,3,22718,698.977462804824,1,NA,NA,NA,NA,NA
"/data/metab/camille/MSM_ppp/analysis/data/derived_data/","education_scenarios.csv","base_pop.csv","mortality_scenarios.csv","elec_scenario.csv","mcf_scenario.csv","model_glm_simple_no_urban.rds",NA,"SSP2",FALSE,"Zambia",TRUE,5500,11,71761,"1_SSP2_1_71761",55.6958578864733,1,22402,708.837157396661,1,NA,NA,NA,NA,NA
"/data/metab/camille/MSM_ppp/analysis/data/derived_data/","education_scenarios.csv","base_pop.csv","mortality_scenarios.csv","elec_scenario.csv","mcf_scenario.csv","model_glm_simple_no_urban.rds",NA,"SSP2",FALSE,"Zambia",TRUE,5500,11,19489,"1_SSP2_2_19489",50.0528403719266,2,21920,724.423813868613,1,NA,NA,NA,NA,NA
"/data/metab/camille/MSM_ppp/analysis/data/derived_data/","education_scenarios.csv","base_pop.csv","mortality_scenarios.csv","elec_scenario.csv","mcf_scenario.csv","model_glm_simple_no_urban.rds",NA,"SSP2",FALSE,"Zambia",TRUE,5500,11,34732,"1_SSP2_3_34732",55.1548417488734,3,22696,699.655005287275,1,NA,NA,NA,NA,NA
"/data/metab/camille/MSM_ppp/analysis/data/derived_data/","education_scenarios.csv","base_pop.csv","mortality_scenarios.csv","elec_scenario.csv","mcf_scenario.csv","model_glm_simple_no_urban.rds",NA,"Universal",FALSE,"Zambia",TRUE,5500,11,71761,"1_Universal_1_71761",48.1785381714503,1,22387,709.31210077277,1,NA,NA,NA,NA,NA
"/data/metab/camille/MSM_ppp/analysis/data/derived_data/","education_scenarios.csv","base_pop.csv","mortality_scenarios.csv","elec_scenario.csv","mcf_scenario.csv","model_glm_simple_no_urban.rds",NA,"Universal",FALSE,"Zambia",TRUE,5500,11,19489,"1_Universal_2_19489",45.875287381808,2,21893,725.317224683689,1,NA,NA,NA,NA,NA
"/data/metab/camille/MSM_ppp/analysis/data/derived_data/","education_scenarios.csv","base_pop.csv","mortality_scenarios.csv","elec_scenario.csv","mcf_scenario.csv","model_glm_simple_no_urban.rds",NA,"Universal",FALSE,"Zambia",TRUE,5500,11,34732,"1_Universal_3_34732",49.8781862179438,3,22718,698.977462804824,1,NA,NA,NA,NA,NA
"/data/metab/camille/MSM_ppp/analysis/data/derived_data/","education_scenarios.csv","base_pop.csv","mortality_scenarios.csv","elec_scenario.csv","mcf_scenario.csv","model_glm_simple_no_urban.rds",NA,"SSP1",FALSE,"Zambia",TRUE,500,11,4229,"2_SSP1_1_4229",5.27702328364054,1,2543,6244.34526150216,2,NA,NA,NA,NA,NA
"/data/metab/camille/MSM_ppp/analysis/data/derived_data/","education_scenarios.csv","base_pop.csv","mortality_scenarios.csv","elec_scenario.csv","mcf_scenario.csv","model_glm_simple_no_urban.rds",NA,"SSP1",FALSE,"Zambia",TRUE,500,11,23776,"2_SSP1_2_23776",4.81547972361247,2,2564,6193.20202808112,2,NA,NA,NA,NA,NA
"/data/metab/camille/MSM_ppp/analysis/data/derived_data/","education_scenarios.csv","base_pop.csv","mortality_scenarios.csv","elec_scenario.csv","mcf_scenario.csv","model_glm_simple_no_urban.rds",NA,"SSP1",FALSE,"Zambia",TRUE,500,11,29953,"2_SSP1_3_29953",4.57208561102549,3,2526,6286.36975455265,2,NA,NA,NA,NA,NA
"/data/metab/camille/MSM_ppp/analysis/data/derived_data/","education_scenarios.csv","base_pop.csv","mortality_scenarios.csv","elec_scenario.csv","mcf_scenario.csv","model_glm_simple_no_urban.rds",NA,"SSP2",FALSE,"Zambia",TRUE,500,11,4229,"2_SSP2_1_4229",4.73288817803065,1,2542,6246.80173092054,2,NA,NA,NA,NA,NA
"/data/metab/camille/MSM_ppp/analysis/data/derived_data/","education_scenarios.csv","base_pop.csv","mortality_scenarios.csv","elec_scenario.csv","mcf_scenario.csv","model_glm_simple_no_urban.rds",NA,"SSP2",FALSE,"Zambia",TRUE,500,11,23776,"2_SSP2_2_23776",4.97240506013234,2,2556,6212.58607198748,2,NA,NA,NA,NA,NA
"/data/metab/camille/MSM_ppp/analysis/data/derived_data/","education_scenarios.csv","base_pop.csv","mortality_scenarios.csv","elec_scenario.csv","mcf_scenario.csv","model_glm_simple_no_urban.rds",NA,"SSP2",FALSE,"Zambia",TRUE,500,11,29953,"2_SSP2_3_29953",4.85671697060267,3,2527,6283.88207360507,2,NA,NA,NA,NA,NA
"/data/metab/camille/MSM_ppp/analysis/data/derived_data/","education_scenarios.csv","base_pop.csv","mortality_scenarios.csv","elec_scenario.csv","mcf_scenario.csv","model_glm_simple_no_urban.rds",NA,"Universal",FALSE,"Zambia",TRUE,500,11,4229,"2_Universal_1_4229",4.27566823561986,1,2543,6244.34526150216,2,NA,NA,NA,NA,NA
"/data/metab/camille/MSM_ppp/analysis/data/derived_data/","education_scenarios.csv","base_pop.csv","mortality_scenarios.csv","elec_scenario.csv","mcf_scenario.csv","model_glm_simple_no_urban.rds",NA,"Universal",FALSE,"Zambia",TRUE,500,11,23776,"2_Universal_2_23776",4.32418987751007,2,2564,6193.20202808112,2,NA,NA,NA,NA,NA
"/data/metab/camille/MSM_ppp/analysis/data/derived_data/","education_scenarios.csv","base_pop.csv","mortality_scenarios.csv","elec_scenario.csv","mcf_scenario.csv","model_glm_simple_no_urban.rds",NA,"Universal",FALSE,"Zambia",TRUE,500,11,29953,"2_Universal_3_29953",4.24803197383881,3,2526,6286.36975455265,2,NA,NA,NA,NA,NA
"/data/metab/camille/MSM_ppp/analysis/data/derived_data/","education_scenarios.csv","base_pop.csv","mortality_scenarios.csv","elec_scenario.csv","mcf_scenario.csv","model_glm_dynamic.rds",NA,"SSP1",FALSE,"Zambia",TRUE,500,11,65806,"4_SSP1_1_65806",5.74647773106893,1,2605,6095.72744721689,4,"urban_scenarios.csv",NA,NA,NA,NA
"/data/metab/camille/MSM_ppp/analysis/data/derived_data/","education_scenarios.csv","base_pop.csv","mortality_scenarios.csv","elec_scenario.csv","mcf_scenario.csv","model_glm_dynamic.rds",NA,"SSP1",FALSE,"Zambia",TRUE,500,11,37765,"4_SSP1_2_37765",5.14992117484411,2,2563,6195.61841591885,4,"urban_scenarios.csv",NA,NA,NA,NA
"/data/metab/camille/MSM_ppp/analysis/data/derived_data/","education_scenarios.csv","base_pop.csv","mortality_scenarios.csv","elec_scenario.csv","mcf_scenario.csv","model_glm_dynamic.rds",NA,"SSP1",FALSE,"Zambia",TRUE,500,11,3196,"4_SSP1_3_3196",4.65639439423879,3,2452,6476.08890701468,4,"urban_scenarios.csv",NA,NA,NA,NA
"/data/metab/camille/MSM_ppp/analysis/data/derived_data/","education_scenarios.csv","base_pop.csv","mortality_scenarios.csv","elec_scenario.csv","mcf_scenario.csv","model_glm_dynamic.rds",NA,"SSP2",FALSE,"Zambia",TRUE,500,11,65806,"4_SSP2_1_65806",5.40900437831879,1,2598,6112.15165511932,4,"urban_scenarios.csv",NA,NA,NA,NA
"/data/metab/camille/MSM_ppp/analysis/data/derived_data/","education_scenarios.csv","base_pop.csv","mortality_scenarios.csv","elec_scenario.csv","mcf_scenario.csv","model_glm_dynamic.rds",NA,"SSP2",FALSE,"Zambia",TRUE,500,11,37765,"4_SSP2_2_37765",5.25824927091598,2,2552,6222.3236677116,4,"urban_scenarios.csv",NA,NA,NA,NA
"/data/metab/camille/MSM_ppp/analysis/data/derived_data/","education_scenarios.csv","base_pop.csv","mortality_scenarios.csv","elec_scenario.csv","mcf_scenario.csv","model_glm_dynamic.rds",NA,"SSP2",FALSE,"Zambia",TRUE,500,11,3196,"4_SSP2_3_3196",4.75958044528961,3,2472,6423.69336569579,4,"urban_scenarios.csv",NA,NA,NA,NA
"/data/metab/camille/MSM_ppp/analysis/data/derived_data/","education_scenarios.csv","base_pop.csv","mortality_scenarios.csv","elec_scenario.csv","mcf_scenario.csv","model_glm_dynamic.rds",NA,"Universal",FALSE,"Zambia",TRUE,500,11,65806,"4_Universal_1_65806",4.94982971350352,1,2605,6095.72744721689,4,"urban_scenarios.csv",NA,NA,NA,NA
"/data/metab/camille/MSM_ppp/analysis/data/derived_data/","education_scenarios.csv","base_pop.csv","mortality_scenarios.csv","elec_scenario.csv","mcf_scenario.csv","model_glm_dynamic.rds",NA,"Universal",FALSE,"Zambia",TRUE,500,11,37765,"4_Universal_2_37765",4.87330729166667,2,2563,6195.61841591885,4,"urban_scenarios.csv",NA,NA,NA,NA
"/data/metab/camille/MSM_ppp/analysis/data/derived_data/","education_scenarios.csv","base_pop.csv","mortality_scenarios.csv","elec_scenario.csv","mcf_scenario.csv","model_glm_dynamic.rds",NA,"Universal",FALSE,"Zambia",TRUE,500,11,3196,"4_Universal_3_3196",4.44484055042267,3,2452,6476.08890701468,4,"urban_scenarios.csv",NA,NA,NA,NA
"/data/metab/camille/MSM_ppp/analysis/data/derived_data/","education_scenarios.csv","base_pop.csv","mortality_scenarios.csv","elec_scenario.csv","mcf_scenario.csv","model_glm_dynamic.rds",NA,"SSP1",FALSE,"Zambia",TRUE,9000,11,28021,"5_SSP1_1_28021",1.9699778501855,1,31471,504.571510279305,5,"urban_scenarios.csv",NA,NA,NA,NA
"/data/metab/camille/MSM_ppp/analysis/data/derived_data/","education_scenarios.csv","base_pop.csv","mortality_scenarios.csv","elec_scenario.csv","mcf_scenario.csv","model_glm_dynamic.rds",NA,"SSP1",FALSE,"Zambia",TRUE,9000,11,8439,"5_SSP1_2_8439",1.99890395694309,2,31637,501.924013022727,5,"urban_scenarios.csv",NA,NA,NA,NA
"/data/metab/camille/MSM_ppp/analysis/data/derived_data/","education_scenarios.csv","base_pop.csv","mortality_scenarios.csv","elec_scenario.csv","mcf_scenario.csv","model_glm_dynamic.rds",NA,"SSP1",FALSE,"Zambia",TRUE,9000,11,62385,"5_SSP1_3_62385",1.97630535132355,3,31310,507.166081124241,5,"urban_scenarios.csv",NA,NA,NA,NA
"/data/metab/camille/MSM_ppp/analysis/data/derived_data/","education_scenarios.csv","base_pop.csv","mortality_scenarios.csv","elec_scenario.csv","mcf_scenario.csv","model_glm_dynamic.rds",NA,"SSP2",FALSE,"Zambia",TRUE,9000,11,43188,"5_SSP2_1_43188",2.01842856327693,1,31479,504.443279646749,5,"urban_scenarios.csv",NA,NA,NA,NA
"/data/metab/camille/MSM_ppp/analysis/data/derived_data/","education_scenarios.csv","base_pop.csv","mortality_scenarios.csv","elec_scenario.csv","mcf_scenario.csv","model_glm_dynamic.rds",NA,"SSP2",FALSE,"Zambia",TRUE,9000,11,30613,"5_SSP2_2_30613",2.02997358295653,2,31245,508.221155384862,5,"urban_scenarios.csv",NA,NA,NA,NA
"/data/metab/camille/MSM_ppp/analysis/data/derived_data/","education_scenarios.csv","base_pop.csv","mortality_scenarios.csv","elec_scenario.csv","mcf_scenario.csv","model_glm_dynamic.rds",NA,"SSP2",FALSE,"Zambia",TRUE,9000,11,36230,"5_SSP2_3_36230",1.56351881086826,3,31751,500.121885924853,5,"urban_scenarios.csv",NA,NA,NA,NA
"/data/metab/camille/MSM_ppp/analysis/data/derived_data/","education_scenarios.csv","base_pop.csv","mortality_scenarios.csv","elec_scenario.csv","mcf_scenario.csv","model_glm_dynamic.rds",NA,"Universal",FALSE,"Zambia",TRUE,9000,11,92699,"5_Universal_1_92699",1.72565591567092,1,31319,507.020339091286,5,"urban_scenarios.csv",NA,NA,NA,NA
"/data/metab/camille/MSM_ppp/analysis/data/derived_data/","education_scenarios.csv","base_pop.csv","mortality_scenarios.csv","elec_scenario.csv","mcf_scenario.csv","model_glm_dynamic.rds",NA,"Universal",FALSE,"Zambia",TRUE,9000,11,1e+05,"5_Universal_2_100000",1.7782681259844,2,31622,502.162102333818,5,"urban_scenarios.csv",NA,NA,NA,NA
"/data/metab/camille/MSM_ppp/analysis/data/derived_data/","education_scenarios.csv","base_pop.csv","mortality_scenarios.csv","elec_scenario.csv","mcf_scenario.csv","model_glm_dynamic.rds",NA,"Universal",FALSE,"Zambia",TRUE,9000,11,11184,"5_Universal_3_11184",1.43347891059187,3,31715,500.689579063535,5,"urban_scenarios.csv",NA,NA,NA,NA
"/data/metab/camille/MSM_ppp/analysis/data/derived_data/","education_scenarios.csv","base_pop.csv","mortality_scenarios.csv","elec_scenario.csv","mcf_scenario.csv","model_glm_dynamic.rds",NA,"SSP1",FALSE,"Zambia",TRUE,5000,11,65862,"8_SSP1_1_65862",7.97621880372365,1,20243,784.43758336215,8,"urban_scenarios.csv","asfr_scenarios.csv",NA,NA,NA
"/data/metab/camille/MSM_ppp/analysis/data/derived_data/","education_scenarios.csv","base_pop.csv","mortality_scenarios.csv","elec_scenario.csv","mcf_scenario.csv","model_glm_dynamic.rds",NA,"SSP1",FALSE,"Zambia",TRUE,5000,11,2431,"8_SSP1_2_2431",7.63832852443059,2,20003,793.849422586612,8,"urban_scenarios.csv","asfr_scenarios.csv",NA,NA,NA
"/data/metab/camille/MSM_ppp/analysis/data/derived_data/","education_scenarios.csv","base_pop.csv","mortality_scenarios.csv","elec_scenario.csv","mcf_scenario.csv","model_glm_dynamic.rds",NA,"SSP1",FALSE,"Zambia",TRUE,5000,11,47235,"8_SSP1_3_47235",8.91741499503454,3,20256,783.934142969984,8,"urban_scenarios.csv","asfr_scenarios.csv",NA,NA,NA
"/data/metab/camille/MSM_ppp/analysis/data/derived_data/","education_scenarios.csv","base_pop.csv","mortality_scenarios.csv","elec_scenario.csv","mcf_scenario.csv","model_glm_dynamic.rds",NA,"SSP2",FALSE,"Zambia",TRUE,5000,11,36076,"8_SSP2_1_36076",10.990606423219,1,20361,779.891459162124,8,"urban_scenarios.csv","asfr_scenarios.csv",NA,NA,NA
"/data/metab/camille/MSM_ppp/analysis/data/derived_data/","education_scenarios.csv","base_pop.csv","mortality_scenarios.csv","elec_scenario.csv","mcf_scenario.csv","model_glm_dynamic.rds",NA,"SSP2",FALSE,"Zambia",TRUE,5000,11,86330,"8_SSP2_2_86330",12.0167961716652,2,20495,774.792388387412,8,"urban_scenarios.csv","asfr_scenarios.csv",NA,NA,NA
"/data/metab/camille/MSM_ppp/analysis/data/derived_data/","education_scenarios.csv","base_pop.csv","mortality_scenarios.csv","elec_scenario.csv","mcf_scenario.csv","model_glm_dynamic.rds",NA,"SSP2",FALSE,"Zambia",TRUE,5000,11,27704,"8_SSP2_3_27704",12.3762188990911,3,20533,773.358496079482,8,"urban_scenarios.csv","asfr_scenarios.csv",NA,NA,NA
"/data/metab/camille/MSM_ppp/analysis/data/derived_data/","education_scenarios.csv","base_pop.csv","mortality_scenarios.csv","elec_scenario.csv","mcf_scenario.csv","model_glm_dynamic.rds",NA,"Universal",FALSE,"Zambia",TRUE,5000,11,86373,"8_Universal_1_86373",8.08410398562749,1,20368,779.623428908091,8,"urban_scenarios.csv","asfr_scenarios.csv",NA,NA,NA
"/data/metab/camille/MSM_ppp/analysis/data/derived_data/","education_scenarios.csv","base_pop.csv","mortality_scenarios.csv","elec_scenario.csv","mcf_scenario.csv","model_glm_dynamic.rds",NA,"Universal",FALSE,"Zambia",TRUE,5000,11,40280,"8_Universal_2_40280",8.86398890415827,2,20011,793.532057368447,8,"urban_scenarios.csv","asfr_scenarios.csv",NA,NA,NA
"/data/metab/camille/MSM_ppp/analysis/data/derived_data/","education_scenarios.csv","base_pop.csv","mortality_scenarios.csv","elec_scenario.csv","mcf_scenario.csv","model_glm_dynamic.rds",NA,"Universal",FALSE,"Zambia",TRUE,5000,11,97089,"8_Universal_3_97089",9.3311333656311,3,20571,771.929901317389,8,"urban_scenarios.csv","asfr_scenarios.csv",NA,NA,NA
"/data/metab/camille/MSM_ppp/analysis/data/derived_data/","education_scenarios.csv","base_pop.csv","mortality_scenarios.csv","elec_scenario.csv","mcf_scenario.csv","model_glm_dynamic.rds",NA,"SSP1",FALSE,"Zambia",TRUE,5000,11,65862,"8_SSP1_1_65862",7.97621880372365,1,20243,784.43758336215,8,"urban_scenarios.csv","asfr_scenarios.csv",NA,NA,NA
"/data/metab/camille/MSM_ppp/analysis/data/derived_data/","education_scenarios.csv","base_pop.csv","mortality_scenarios.csv","elec_scenario.csv","mcf_scenario.csv","model_glm_dynamic.rds",NA,"SSP1",FALSE,"Zambia",TRUE,5000,11,2431,"8_SSP1_2_2431",7.63832852443059,2,20003,793.849422586612,8,"urban_scenarios.csv","asfr_scenarios.csv",NA,NA,NA
"/data/metab/camille/MSM_ppp/analysis/data/derived_data/","education_scenarios.csv","base_pop.csv","mortality_scenarios.csv","elec_scenario.csv","mcf_scenario.csv","model_glm_dynamic.rds",NA,"SSP1",FALSE,"Zambia",TRUE,5000,11,47235,"8_SSP1_3_47235",8.91741499503454,3,20256,783.934142969984,8,"urban_scenarios.csv","asfr_scenarios.csv",NA,NA,NA
"/data/metab/camille/MSM_ppp/analysis/data/derived_data/","education_scenarios.csv","base_pop.csv","mortality_scenarios.csv","elec_scenario.csv","mcf_scenario.csv","model_glm_dynamic.rds",NA,"SSP2",FALSE,"Zambia",TRUE,5000,11,36076,"8_SSP2_1_36076",10.990606423219,1,20361,779.891459162124,8,"urban_scenarios.csv","asfr_scenarios.csv",NA,NA,NA
"/data/metab/camille/MSM_ppp/analysis/data/derived_data/","education_scenarios.csv","base_pop.csv","mortality_scenarios.csv","elec_scenario.csv","mcf_scenario.csv","model_glm_dynamic.rds",NA,"SSP2",FALSE,"Zambia",TRUE,5000,11,86330,"8_SSP2_2_86330",12.0167961716652,2,20495,774.792388387412,8,"urban_scenarios.csv","asfr_scenarios.csv",NA,NA,NA
"/data/metab/camille/MSM_ppp/analysis/data/derived_data/","education_scenarios.csv","base_pop.csv","mortality_scenarios.csv","elec_scenario.csv","mcf_scenario.csv","model_glm_dynamic.rds",NA,"SSP2",FALSE,"Zambia",TRUE,5000,11,27704,"8_SSP2_3_27704",12.3762188990911,3,20533,773.358496079482,8,"urban_scenarios.csv","asfr_scenarios.csv",NA,NA,NA
"/data/metab/camille/MSM_ppp/analysis/data/derived_data/","education_scenarios.csv","base_pop.csv","mortality_scenarios.csv","elec_scenario.csv","mcf_scenario.csv","model_glm_dynamic.rds",NA,"Universal",FALSE,"Zambia",TRUE,5000,11,86373,"8_Universal_1_86373",8.08410398562749,1,20368,779.623428908091,8,"urban_scenarios.csv","asfr_scenarios.csv",NA,NA,NA
"/data/metab/camille/MSM_ppp/analysis/data/derived_data/","education_scenarios.csv","base_pop.csv","mortality_scenarios.csv","elec_scenario.csv","mcf_scenario.csv","model_glm_dynamic.rds",NA,"Universal",FALSE,"Zambia",TRUE,5000,11,40280,"8_Universal_2_40280",8.86398890415827,2,20011,793.532057368447,8,"urban_scenarios.csv","asfr_scenarios.csv",NA,NA,NA
"/data/metab/camille/MSM_ppp/analysis/data/derived_data/","education_scenarios.csv","base_pop.csv","mortality_scenarios.csv","elec_scenario.csv","mcf_scenario.csv","model_glm_dynamic.rds",NA,"Universal",FALSE,"Zambia",TRUE,5000,11,97089,"8_Universal_3_97089",9.3311333656311,3,20571,771.929901317389,8,"urban_scenarios.csv","asfr_scenarios.csv",NA,NA,NA
"/data/metab/camille/MSM_ppp/analysis/data/derived_data/","education_scenarios.csv","base_pop.csv","mortality_scenarios.csv","elec_scenario.csv","mcf_scenario.csv","model_glm_dynamic.rds",NA,"SSP1",FALSE,"Zambia",TRUE,5000,11,80525,"9_SSP1_1_80525",58.1528405467669,1,20080,790.805278884462,9,"urban_scenarios.csv","asfr_scenarios.csv",NA,NA,NA
"/data/metab/camille/MSM_ppp/analysis/data/derived_data/","education_scenarios.csv","base_pop.csv","mortality_scenarios.csv","elec_scenario.csv","mcf_scenario.csv","model_glm_dynamic.rds",NA,"SSP1",FALSE,"Zambia",TRUE,5000,11,95408,"9_SSP1_2_95408",58.4157630006472,2,20278,783.08363743959,9,"urban_scenarios.csv","asfr_scenarios.csv",NA,NA,NA
"/data/metab/camille/MSM_ppp/analysis/data/derived_data/","education_scenarios.csv","base_pop.csv","mortality_scenarios.csv","elec_scenario.csv","mcf_scenario.csv","model_glm_dynamic.rds",NA,"SSP1",FALSE,"Zambia",TRUE,5000,11,62411,"9_SSP1_3_62411",1.02247893631458,3,20524,773.697622295849,9,"urban_scenarios.csv","asfr_scenarios.csv",NA,NA,NA
"/data/metab/camille/MSM_ppp/analysis/data/derived_data/","education_scenarios.csv","base_pop.csv","mortality_scenarios.csv","elec_scenario.csv","mcf_scenario.csv","model_glm_dynamic.rds",NA,"SSP2",FALSE,"Zambia",TRUE,5000,11,99090,"9_SSP2_1_99090",1.02553845604261,1,20577,771.704816056762,9,"urban_scenarios.csv","asfr_scenarios.csv",NA,NA,NA
"/data/metab/camille/MSM_ppp/analysis/data/derived_data/","education_scenarios.csv","base_pop.csv","mortality_scenarios.csv","elec_scenario.csv","mcf_scenario.csv","model_glm_dynamic.rds",NA,"SSP2",FALSE,"Zambia",TRUE,5000,11,24670,"9_SSP2_2_24670",1.10175706995858,2,20681,767.82408974421,9,"urban_scenarios.csv","asfr_scenarios.csv",NA,NA,NA
"/data/metab/camille/MSM_ppp/analysis/data/derived_data/","education_scenarios.csv","base_pop.csv","mortality_scenarios.csv","elec_scenario.csv","mcf_scenario.csv","model_glm_dynamic.rds",NA,"SSP2",FALSE,"Zambia",TRUE,5000,11,99011,"9_SSP2_3_99011",1.06455473721027,3,20859,761.271873052399,9,"urban_scenarios.csv","asfr_scenarios.csv",NA,NA,NA
"/data/metab/camille/MSM_ppp/analysis/data/derived_data/","education_scenarios.csv","base_pop.csv","mortality_scenarios.csv","elec_scenario.csv","mcf_scenario.csv","model_glm_dynamic.rds",NA,"Universal",FALSE,"Zambia",TRUE,5000,11,21737,"9_Universal_1_21737",56.3909946163495,1,20464,775.966086786552,9,"urban_scenarios.csv","asfr_scenarios.csv",NA,NA,NA
"/data/metab/camille/MSM_ppp/analysis/data/derived_data/","education_scenarios.csv","base_pop.csv","mortality_scenarios.csv","elec_scenario.csv","mcf_scenario.csv","model_glm_dynamic.rds",NA,"Universal",FALSE,"Zambia",TRUE,5000,11,91795,"9_Universal_2_91795",54.6167525092761,2,20069,791.238726393941,9,"urban_scenarios.csv","asfr_scenarios.csv",NA,NA,NA
"/data/metab/camille/MSM_ppp/analysis/data/derived_data/","education_scenarios.csv","base_pop.csv","mortality_scenarios.csv","elec_scenario.csv","mcf_scenario.csv","model_glm_dynamic.rds",NA,"Universal",FALSE,"Zambia",TRUE,5000,11,74503,"9_Universal_3_74503",56.655243798097,3,20612,770.394430428876,9,"urban_scenarios.csv","asfr_scenarios.csv",NA,NA,NA
"/data/metab/camille/MSM_ppp/analysis/data/derived_data/","education_scenarios.csv","base_pop_calib.csv","mortality_scenarios.csv","elec_scenario.csv","mcf_scenario.csv","model_glm_dynamic.rds",NA,"SSP1",FALSE,"Zambia",TRUE,3000,11,22309,"10_SSP1_1_22309",35.7452921628952,1,13183,1204.53386937723,10,"urban_scenarios.csv","asfr_scenarios.csv",NA,NA,NA
"/data/metab/camille/MSM_ppp/analysis/data/derived_data/","education_scenarios.csv","base_pop_calib.csv","mortality_scenarios.csv","elec_scenario.csv","mcf_scenario.csv","model_glm_dynamic.rds",NA,"SSP1",FALSE,"Zambia",TRUE,3000,11,72991,"10_SSP1_2_72991",38.2136360446612,2,13312,1192.861328125,10,"urban_scenarios.csv","asfr_scenarios.csv",NA,NA,NA
"/data/metab/camille/MSM_ppp/analysis/data/derived_data/","education_scenarios.csv","base_pop_calib.csv","mortality_scenarios.csv","elec_scenario.csv","mcf_scenario.csv","model_glm_dynamic.rds",NA,"SSP1",FALSE,"Zambia",TRUE,3000,11,21326,"10_SSP1_3_21326",35.5980466087659,3,13033,1218.39714570705,10,"urban_scenarios.csv","asfr_scenarios.csv",NA,NA,NA
"/data/metab/camille/MSM_ppp/analysis/data/derived_data/","education_scenarios.csv","base_pop_calib.csv","mortality_scenarios.csv","elec_scenario.csv","mcf_scenario.csv","model_glm_dynamic.rds",NA,"SSP2",FALSE,"Zambia",TRUE,3000,11,72724,"10_SSP2_1_72724",37.2603942712148,1,13256,1197.90057332529,10,"urban_scenarios.csv","asfr_scenarios.csv",NA,NA,NA
"/data/metab/camille/MSM_ppp/analysis/data/derived_data/","education_scenarios.csv","base_pop_calib.csv","mortality_scenarios.csv","elec_scenario.csv","mcf_scenario.csv","model_glm_dynamic.rds",NA,"SSP2",FALSE,"Zambia",TRUE,3000,11,49449,"10_SSP2_2_49449",39.7146963715553,2,13347,1189.73327339477,10,"urban_scenarios.csv","asfr_scenarios.csv",NA,NA,NA
"/data/metab/camille/MSM_ppp/analysis/data/derived_data/","education_scenarios.csv","base_pop_calib.csv","mortality_scenarios.csv","elec_scenario.csv","mcf_scenario.csv","model_glm_dynamic.rds",NA,"SSP2",FALSE,"Zambia",TRUE,3000,11,31615,"10_SSP2_3_31615",36.5041159351667,3,12930,1228.10286156226,10,"urban_scenarios.csv","asfr_scenarios.csv",NA,NA,NA
"/data/metab/camille/MSM_ppp/analysis/data/derived_data/","education_scenarios.csv","base_pop_calib.csv","mortality_scenarios.csv","elec_scenario.csv","mcf_scenario.csv","model_glm_dynamic.rds",NA,"Universal",FALSE,"Zambia",TRUE,3000,11,94675,"10_Universal_1_94675",34.004696114858,1,13288,1195.01580373269,10,"urban_scenarios.csv","asfr_scenarios.csv",NA,NA,NA
"/data/metab/camille/MSM_ppp/analysis/data/derived_data/","education_scenarios.csv","base_pop_calib.csv","mortality_scenarios.csv","elec_scenario.csv","mcf_scenario.csv","model_glm_dynamic.rds",NA,"Universal",FALSE,"Zambia",TRUE,3000,11,27488,"10_Universal_2_27488",33.9977271199226,2,13053,1216.530299548,10,"urban_scenarios.csv","asfr_scenarios.csv",NA,NA,NA
"/data/metab/camille/MSM_ppp/analysis/data/derived_data/","education_scenarios.csv","base_pop_calib.csv","mortality_scenarios.csv","elec_scenario.csv","mcf_scenario.csv","model_glm_dynamic.rds",NA,"Universal",FALSE,"Zambia",TRUE,3000,11,70963,"10_Universal_3_70963",29.716698495547,3,13001,1221.39604645796,10,"urban_scenarios.csv","asfr_scenarios.csv",NA,NA,NA
"/data/metab/camille/MSM_ppp/analysis/data/derived_data/","education_scenarios.csv","base_pop_calib.csv","mortality_scenarios.csv","elec_scenario.csv","mcf_scenario.csv","model_glm_base_w.rds",NA,"SSP1",FALSE,"Zambia",TRUE,3000,11,82432,"10_SSP1_1_82432",43.1908081650734,1,16379,969.495695707919,11,"urban_scenarios.csv","asfr_scenarios.csv",NA,NA,NA
"/data/metab/camille/MSM_ppp/analysis/data/derived_data/","education_scenarios.csv","base_pop_calib.csv","mortality_scenarios.csv","elec_scenario.csv","mcf_scenario.csv","model_glm_base_w.rds",NA,"SSP1",FALSE,"Zambia",TRUE,3000,11,81825,"10_SSP1_2_81825",45.4748983581861,2,16546,959.710504049317,11,"urban_scenarios.csv","asfr_scenarios.csv",NA,NA,NA
"/data/metab/camille/MSM_ppp/analysis/data/derived_data/","education_scenarios.csv","base_pop_calib.csv","mortality_scenarios.csv","elec_scenario.csv","mcf_scenario.csv","model_glm_base_w.rds",NA,"SSP1",FALSE,"Zambia",TRUE,3000,11,22072,"10_SSP1_3_22072",45.4846559325854,3,16239,977.853931892358,11,"urban_scenarios.csv","asfr_scenarios.csv",NA,NA,NA
"/data/metab/camille/MSM_ppp/analysis/data/derived_data/","education_scenarios.csv","base_pop_calib.csv","mortality_scenarios.csv","elec_scenario.csv","mcf_scenario.csv","model_glm_base_w.rds",NA,"SSP2",FALSE,"Zambia",TRUE,3000,11,69904,"10_SSP2_1_69904",46.3971140782038,1,16379,969.495695707919,11,"urban_scenarios.csv","asfr_scenarios.csv",NA,NA,NA
"/data/metab/camille/MSM_ppp/analysis/data/derived_data/","education_scenarios.csv","base_pop_calib.csv","mortality_scenarios.csv","elec_scenario.csv","mcf_scenario.csv","model_glm_base_w.rds",NA,"SSP2",FALSE,"Zambia",TRUE,3000,11,16469,"10_SSP2_2_16469",47.1834961652756,2,16191,980.752887406584,11,"urban_scenarios.csv","asfr_scenarios.csv",NA,NA,NA
"/data/metab/camille/MSM_ppp/analysis/data/derived_data/","education_scenarios.csv","base_pop_calib.csv","mortality_scenarios.csv","elec_scenario.csv","mcf_scenario.csv","model_glm_base_w.rds",NA,"SSP2",FALSE,"Zambia",TRUE,3000,11,78585,"10_SSP2_3_78585",45.9701341748238,3,16546,959.710504049317,11,"urban_scenarios.csv","asfr_scenarios.csv",NA,NA,NA
"/data/metab/camille/MSM_ppp/analysis/data/derived_data/","education_scenarios.csv","base_pop_calib.csv","mortality_scenarios.csv","elec_scenario.csv","mcf_scenario.csv","model_glm_base_w.rds",NA,"Universal",FALSE,"Zambia",TRUE,3000,11,34461,"10_Universal_1_34461",40.5742923935254,1,16015,991.531064626912,11,"urban_scenarios.csv","asfr_scenarios.csv",NA,NA,NA
"/data/metab/camille/MSM_ppp/analysis/data/derived_data/","education_scenarios.csv","base_pop_calib.csv","mortality_scenarios.csv","elec_scenario.csv","mcf_scenario.csv","model_glm_base_w.rds",NA,"Universal",FALSE,"Zambia",TRUE,3000,11,90251,"10_Universal_2_90251",41.9663972854614,2,16200,980.208024691358,11,"urban_scenarios.csv","asfr_scenarios.csv",NA,NA,NA
"/data/metab/camille/MSM_ppp/analysis/data/derived_data/","education_scenarios.csv","base_pop_calib.csv","mortality_scenarios.csv","elec_scenario.csv","mcf_scenario.csv","model_glm_base_w.rds",NA,"Universal",FALSE,"Zambia",TRUE,3000,11,13712,"10_Universal_3_13712",41.2034413655599,3,16125,984.767131782946,11,"urban_scenarios.csv","asfr_scenarios.csv",NA,NA,NA
"/data/metab/camille/MSM_ppp/analysis/data/derived_data/","education_scenarios.csv","base_pop_calib.csv","mortality_scenarios.csv","elec_scenario.csv","mcf_scenario.csv","model_glm_base.rds",NA,"SSP1",FALSE,"Zambia",TRUE,3000,11,69729,"12_SSP1_1_69729",44.6123150308927,1,16371,969.96945818826,12,"urban_scenarios.csv","asfr_scenarios.csv",NA,NA,NA
"/data/metab/camille/MSM_ppp/analysis/data/derived_data/","education_scenarios.csv","base_pop_calib.csv","mortality_scenarios.csv","elec_scenario.csv","mcf_scenario.csv","model_glm_base.rds",NA,"SSP1",FALSE,"Zambia",TRUE,3000,11,35327,"12_SSP1_2_35327",46.1683763901393,2,16519,961.279133119438,12,"urban_scenarios.csv","asfr_scenarios.csv",NA,NA,NA
"/data/metab/camille/MSM_ppp/analysis/data/derived_data/","education_scenarios.csv","base_pop_calib.csv","mortality_scenarios.csv","elec_scenario.csv","mcf_scenario.csv","model_glm_base.rds",NA,"SSP1",FALSE,"Zambia",TRUE,3000,11,12511,"12_SSP1_3_12511",44.7427006363869,3,16269,976.050771405741,12,"urban_scenarios.csv","asfr_scenarios.csv",NA,NA,NA
"/data/metab/camille/MSM_ppp/analysis/data/derived_data/","education_scenarios.csv","base_pop_calib.csv","mortality_scenarios.csv","elec_scenario.csv","mcf_scenario.csv","model_glm_base.rds",NA,"SSP2",FALSE,"Zambia",TRUE,3000,11,43118,"12_SSP2_1_43118",46.6805500427882,1,16431,966.427484632707,12,"urban_scenarios.csv","asfr_scenarios.csv",NA,NA,NA
"/data/metab/camille/MSM_ppp/analysis/data/derived_data/","education_scenarios.csv","base_pop_calib.csv","mortality_scenarios.csv","elec_scenario.csv","mcf_scenario.csv","model_glm_base.rds",NA,"SSP2",FALSE,"Zambia",TRUE,3000,11,48072,"12_SSP2_2_48072",47.278040031592,2,16488,963.086487142164,12,"urban_scenarios.csv","asfr_scenarios.csv",NA,NA,NA
"/data/metab/camille/MSM_ppp/analysis/data/derived_data/","education_scenarios.csv","base_pop_calib.csv","mortality_scenarios.csv","elec_scenario.csv","mcf_scenario.csv","model_glm_base.rds",NA,"SSP2",FALSE,"Zambia",TRUE,3000,11,35760,"12_SSP2_3_35760",47.3693461855253,3,16442,965.780926894538,12,"urban_scenarios.csv","asfr_scenarios.csv",NA,NA,NA
"/data/metab/camille/MSM_ppp/analysis/data/derived_data/","education_scenarios.csv","base_pop_calib.csv","mortality_scenarios.csv","elec_scenario.csv","mcf_scenario.csv","model_glm_base.rds",NA,"Universal",FALSE,"Zambia",TRUE,3000,11,94732,"12_Universal_1_94732",43.9198370615641,1,16625,955.15007518797,12,"urban_scenarios.csv","asfr_scenarios.csv",NA,NA,NA
"/data/metab/camille/MSM_ppp/analysis/data/derived_data/","education_scenarios.csv","base_pop_calib.csv","mortality_scenarios.csv","elec_scenario.csv","mcf_scenario.csv","model_glm_base.rds",NA,"Universal",FALSE,"Zambia",TRUE,3000,11,4871,"12_Universal_2_4871",41.6302531758944,2,16261,976.530963655372,12,"urban_scenarios.csv","asfr_scenarios.csv",NA,NA,NA
"/data/metab/camille/MSM_ppp/analysis/data/derived_data/","education_scenarios.csv","base_pop_calib.csv","mortality_scenarios.csv","elec_scenario.csv","mcf_scenario.csv","model_glm_base.rds",NA,"Universal",FALSE,"Zambia",TRUE,3000,11,41929,"12_Universal_3_41929",36.474594895045,3,16660,953.143457382953,12,"urban_scenarios.csv","asfr_scenarios.csv",NA,NA,NA
"/data/metab/camille/MSM_ppp/analysis/data/derived_data/","education_scenarios.csv","base_pop_calib.csv","mortality_scenarios.csv","elec_scenario.csv","mcf_scenario.csv","model_glm_dynamic.rds",NA,"SSP1",FALSE,"Zambia",TRUE,3000,11,89325,"13_SSP1_1_89325",48.5372647166252,1,16276,975.630990415335,13,"urban_scenarios.csv","asfr_scenarios.csv",NA,NA,NA
"/data/metab/camille/MSM_ppp/analysis/data/derived_data/","education_scenarios.csv","base_pop_calib.csv","mortality_scenarios.csv","elec_scenario.csv","mcf_scenario.csv","model_glm_dynamic.rds",NA,"SSP1",FALSE,"Zambia",TRUE,3000,11,25598,"13_SSP1_2_25598",41.742733669281,2,16184,981.177088482452,13,"urban_scenarios.csv","asfr_scenarios.csv",NA,NA,NA
"/data/metab/camille/MSM_ppp/analysis/data/derived_data/","education_scenarios.csv","base_pop_calib.csv","mortality_scenarios.csv","elec_scenario.csv","mcf_scenario.csv","model_glm_dynamic.rds",NA,"SSP2",FALSE,"Zambia",TRUE,3000,11,54862,"13_SSP2_1_54862",49.5298684477806,1,16327,972.583450725792,13,"urban_scenarios.csv","asfr_scenarios.csv",NA,NA,NA
"/data/metab/camille/MSM_ppp/analysis/data/derived_data/","education_scenarios.csv","base_pop_calib.csv","mortality_scenarios.csv","elec_scenario.csv","mcf_scenario.csv","model_glm_dynamic.rds",NA,"SSP2",FALSE,"Zambia",TRUE,3000,11,42251,"13_SSP2_2_42251",44.648993619283,2,16279,975.451194790835,13,"urban_scenarios.csv","asfr_scenarios.csv",NA,NA,NA
"/data/metab/camille/MSM_ppp/analysis/data/derived_data/","education_scenarios.csv","base_pop_calib.csv","mortality_scenarios.csv","elec_scenario.csv","mcf_scenario.csv","model_glm_dynamic.rds",NA,"Universal",FALSE,"Zambia",TRUE,3000,11,6879,"13_Universal_1_6879",44.462319223086,1,16455,965.017927681556,13,"urban_scenarios.csv","asfr_scenarios.csv",NA,NA,NA
"/data/metab/camille/MSM_ppp/analysis/data/derived_data/","education_scenarios.csv","base_pop_calib.csv","mortality_scenarios.csv","elec_scenario.csv","mcf_scenario.csv","model_glm_dynamic.rds",NA,"Universal",FALSE,"Zambia",TRUE,3000,11,38632,"13_Universal_2_38632",40.7646208445231,2,16702,950.746617171596,13,"urban_scenarios.csv","asfr_scenarios.csv",NA,NA,NA
"/data/metab/camille/MSM_ppp/analysis/data/derived_data/","education_scenarios.csv","base_pop.csv","mortality_scenarios.csv","elec_scenario.csv","mcf_scenario.csv","model_glm_base_w.rds",NA,"SSP1",FALSE,"Zambia",TRUE,3000,11,31940,"14_SSP1_1_31940",42.2083525538444,1,16463,964.548988641195,14,"urban_scenarios.csv","asfr_scenarios.csv",NA,NA,NA
"/data/metab/camille/MSM_ppp/analysis/data/derived_data/","education_scenarios.csv","base_pop.csv","mortality_scenarios.csv","elec_scenario.csv","mcf_scenario.csv","model_glm_base_w.rds",NA,"SSP1",FALSE,"Zambia",TRUE,3000,11,700,"14_SSP1_2_700",46.717002872626,2,16499,962.444390569125,14,"urban_scenarios.csv","asfr_scenarios.csv",NA,NA,NA
"/data/metab/camille/MSM_ppp/analysis/data/derived_data/","education_scenarios.csv","base_pop.csv","mortality_scenarios.csv","elec_scenario.csv","mcf_scenario.csv","model_glm_base_w.rds",NA,"SSP2",FALSE,"Zambia",TRUE,3000,11,63157,"14_SSP2_1_63157",43.8073740998904,1,16350,971.215290519878,14,"urban_scenarios.csv","asfr_scenarios.csv",NA,NA,NA
"/data/metab/camille/MSM_ppp/analysis/data/derived_data/","education_scenarios.csv","base_pop.csv","mortality_scenarios.csv","elec_scenario.csv","mcf_scenario.csv","model_glm_base_w.rds",NA,"SSP2",FALSE,"Zambia",TRUE,3000,11,17823,"14_SSP2_2_17823",49.3712347428004,2,16492,962.85289837497,14,"urban_scenarios.csv","asfr_scenarios.csv",NA,NA,NA
"/data/metab/camille/MSM_ppp/analysis/data/derived_data/","education_scenarios.csv","base_pop.csv","mortality_scenarios.csv","elec_scenario.csv","mcf_scenario.csv","model_glm_base_w.rds",NA,"Universal",FALSE,"Zambia",TRUE,3000,11,95578,"14_Universal_1_95578",43.3642423272133,1,16465,964.43182508351,14,"urban_scenarios.csv","asfr_scenarios.csv",NA,NA,NA
"/data/metab/camille/MSM_ppp/analysis/data/derived_data/","education_scenarios.csv","base_pop.csv","mortality_scenarios.csv","elec_scenario.csv","mcf_scenario.csv","model_glm_base_w.rds",NA,"Universal",FALSE,"Zambia",TRUE,3000,11,22221,"14_Universal_2_22221",43.673794511954,2,16520,961.220944309927,14,"urban_scenarios.csv","asfr_scenarios.csv",NA,NA,NA
"/data/metab/camille/MSM_ppp/analysis/data/derived_data/","education_scenarios.csv","base_pop.csv","mortality_scenarios.csv","elec_scenario.csv","mcf_scenario.csv","model_glm_dynamic.rds",NA,"SSP1",FALSE,"Zambia",TRUE,3000,11,27729,"15_SSP1_1_27729",41.9285573164622,1,16239,977.853931892358,15,"urban_scenarios.csv","asfr_scenarios.csv","2022-04-13 10:29:54",NA,NA
"/data/metab/camille/MSM_ppp/analysis/data/derived_data/","education_scenarios.csv","base_pop.csv","mortality_scenarios.csv","elec_scenario.csv","mcf_scenario.csv","model_glm_dynamic.rds",NA,"SSP1",FALSE,"Zambia",TRUE,3000,11,84441,"15_SSP1_2_84441",42.6032851139704,2,16611,955.955090000602,15,"urban_scenarios.csv","asfr_scenarios.csv","2022-04-13 10:29:54",NA,NA
"/data/metab/camille/MSM_ppp/analysis/data/derived_data/","education_scenarios.csv","base_pop.csv","mortality_scenarios.csv","elec_scenario.csv","mcf_scenario.csv","model_glm_dynamic.rds",NA,"SSP2",FALSE,"Zambia",TRUE,3000,11,54662,"15_SSP2_1_54662",43.6846218943596,1,16363,970.443683921041,15,"urban_scenarios.csv","asfr_scenarios.csv","2022-04-13 10:29:54",NA,NA
"/data/metab/camille/MSM_ppp/analysis/data/derived_data/","education_scenarios.csv","base_pop.csv","mortality_scenarios.csv","elec_scenario.csv","mcf_scenario.csv","model_glm_dynamic.rds",NA,"SSP2",FALSE,"Zambia",TRUE,3000,11,55097,"15_SSP2_2_55097",44.0914397199949,2,16480,963.554004854369,15,"urban_scenarios.csv","asfr_scenarios.csv","2022-04-13 10:29:54",NA,NA
"/data/metab/camille/MSM_ppp/analysis/data/derived_data/","education_scenarios.csv","base_pop.csv","mortality_scenarios.csv","elec_scenario.csv","mcf_scenario.csv","model_glm_dynamic.rds",NA,"Universal",FALSE,"Zambia",TRUE,3000,11,81501,"15_Universal_1_81501",40.1702952226003,1,16315,973.298804780876,15,"urban_scenarios.csv","asfr_scenarios.csv","2022-04-13 10:29:54",NA,NA
"/data/metab/camille/MSM_ppp/analysis/data/derived_data/","education_scenarios.csv","base_pop.csv","mortality_scenarios.csv","elec_scenario.csv","mcf_scenario.csv","model_glm_dynamic.rds",NA,"Universal",FALSE,"Zambia",TRUE,3000,11,2395,"15_Universal_2_2395",38.8826947490374,2,16467,964.314689986033,15,"urban_scenarios.csv","asfr_scenarios.csv","2022-04-13 10:29:54",NA,NA
"/data/metab/camille/MSM_ppp/analysis/data/derived_data/","education_scenarios.csv","base_pop.csv","mortality_scenarios.csv","elec_scenario.csv","mcf_scenario.csv","model_glm_dynamic.rds",NA,"SSP1",FALSE,"Zambia",TRUE,2000,11,45591,"16_SSP1_1_45591",19.2946810523669,1,9196,1726.76924749891,16,"urban_scenarios.csv","asfr_scenarios.csv","2022-04-13 11:49:14",NA,NA
"/data/metab/camille/MSM_ppp/analysis/data/derived_data/","education_scenarios.csv","base_pop.csv","mortality_scenarios.csv","elec_scenario.csv","mcf_scenario.csv","model_glm_dynamic.rds",NA,"SSP1",FALSE,"Zambia",TRUE,2000,11,86826,"16_SSP1_2_86826",24.9810878912608,2,9291,1709.11312022387,16,"urban_scenarios.csv","asfr_scenarios.csv","2022-04-13 11:49:15",NA,NA
"/data/metab/camille/MSM_ppp/analysis/data/derived_data/","education_scenarios.csv","base_pop.csv","mortality_scenarios.csv","elec_scenario.csv","mcf_scenario.csv","model_glm_dynamic.rds",NA,"SSP2",FALSE,"Zambia",TRUE,2000,11,46347,"16_SSP2_1_46347",26.0018078962962,1,9630,1648.94807892004,16,"urban_scenarios.csv","asfr_scenarios.csv","2022-04-13 11:49:14",NA,NA
"/data/metab/camille/MSM_ppp/analysis/data/derived_data/","education_scenarios.csv","base_pop.csv","mortality_scenarios.csv","elec_scenario.csv","mcf_scenario.csv","model_glm_dynamic.rds",NA,"SSP2",FALSE,"Zambia",TRUE,2000,11,90214,"16_SSP2_2_90214",26.6134527802467,2,9524,1667.30050398992,16,"urban_scenarios.csv","asfr_scenarios.csv","2022-04-13 11:49:15",NA,NA
"/data/metab/camille/MSM_ppp/analysis/data/derived_data/","education_scenarios.csv","base_pop.csv","mortality_scenarios.csv","elec_scenario.csv","mcf_scenario.csv","model_glm_dynamic.rds",NA,"Universal",FALSE,"Zambia",TRUE,2000,11,99669,"16_Universal_1_99669",19.5107033332189,1,9397,1689.83398957114,16,"urban_scenarios.csv","asfr_scenarios.csv","2022-04-13 11:49:14",NA,NA
"/data/metab/camille/MSM_ppp/analysis/data/derived_data/","education_scenarios.csv","base_pop.csv","mortality_scenarios.csv","elec_scenario.csv","mcf_scenario.csv","model_glm_dynamic.rds",NA,"Universal",FALSE,"Zambia",TRUE,2000,11,10130,"16_Universal_2_10130",24.0256548921267,2,9413,1686.9616487836,16,"urban_scenarios.csv","asfr_scenarios.csv","2022-04-13 11:49:15",NA,NA
"/data/metab/camille/MSM_ppp/analysis/data/derived_data/","education_scenarios.csv","base_pop.csv","mortality_scenarios.csv","elec_scenario.csv","mcf_scenario.csv","model_glm_dynamic.rds",NA,"SSP1",FALSE,"Zambia",TRUE,2000,11,66742,"17_SSP1_1_66742",23.2354058901469,1,9555,1661.89115646259,17,"urban_scenarios.csv","asfr_scenarios.csv","2022-04-13 16:00:24",NA,NA
"/data/metab/camille/MSM_ppp/analysis/data/derived_data/","education_scenarios.csv","base_pop.csv","mortality_scenarios.csv","elec_scenario.csv","mcf_scenario.csv","model_glm_dynamic.rds",NA,"SSP1",FALSE,"Zambia",TRUE,2000,11,24212,"17_SSP1_2_24212",23.325977842013,2,9488,1673.62668634064,17,"urban_scenarios.csv","asfr_scenarios.csv","2022-04-13 16:00:22",NA,NA
"/data/metab/camille/MSM_ppp/analysis/data/derived_data/","education_scenarios.csv","base_pop.csv","mortality_scenarios.csv","elec_scenario.csv","mcf_scenario.csv","model_glm_dynamic.rds",NA,"SSP2",FALSE,"Zambia",TRUE,2000,11,3435,"17_SSP2_1_3435",22.8129158854485,1,9395,1690.19372006386,17,"urban_scenarios.csv","asfr_scenarios.csv","2022-04-13 16:00:24",NA,NA
"/data/metab/camille/MSM_ppp/analysis/data/derived_data/","education_scenarios.csv","base_pop.csv","mortality_scenarios.csv","elec_scenario.csv","mcf_scenario.csv","model_glm_dynamic.rds",NA,"SSP2",FALSE,"Zambia",TRUE,2000,11,45701,"17_SSP2_2_45701",24.2919202407201,2,9429,1684.09905610351,17,"urban_scenarios.csv","asfr_scenarios.csv","2022-04-13 16:00:22",NA,NA
"/data/metab/camille/MSM_ppp/analysis/data/derived_data/","education_scenarios.csv","base_pop.csv","mortality_scenarios.csv","elec_scenario.csv","mcf_scenario.csv","model_glm_dynamic.rds",NA,"Universal",FALSE,"Zambia",TRUE,2000,11,51985,"17_Universal_1_51985",21.900590467453,1,9376,1693.61881399317,17,"urban_scenarios.csv","asfr_scenarios.csv","2022-04-13 16:00:22",NA,NA
"/data/metab/camille/MSM_ppp/analysis/data/derived_data/","education_scenarios.csv","base_pop.csv","mortality_scenarios.csv","elec_scenario.csv","mcf_scenario.csv","model_glm_dynamic.rds",NA,"Universal",FALSE,"Zambia",TRUE,2000,11,39417,"17_Universal_2_39417",21.7558516740799,2,9372,1694.34165599659,17,"urban_scenarios.csv","asfr_scenarios.csv","2022-04-13 16:00:22",NA,NA
"/data/metab/camille/MSM_ppp/analysis/data/derived_data/","education_scenarios.csv","base_pop.csv","mortality_scenarios.csv","elec_scenario.csv","mcf_scenario.csv","model_glm_dynamic.rds",NA,"SSP1",FALSE,"Zambia",TRUE,2000,11,49745,"18_SSP1_1_49745",24.0195730566978,1,9254,1715.94661767884,18,"urban_scenarios.csv","asfr_scenarios.csv","2022-04-13 17:10:13",NA,NA
"/data/metab/camille/MSM_ppp/analysis/data/derived_data/","education_scenarios.csv","base_pop.csv","mortality_scenarios.csv","elec_scenario.csv","mcf_scenario.csv","model_glm_dynamic.rds",NA,"SSP1",FALSE,"Zambia",TRUE,2000,11,89254,"18_SSP1_2_89254",24.2491449356079,2,9501,1671.33670139985,18,"urban_scenarios.csv","asfr_scenarios.csv","2022-04-13 17:10:13",NA,NA
"/data/metab/camille/MSM_ppp/analysis/data/derived_data/","education_scenarios.csv","base_pop.csv","mortality_scenarios.csv","elec_scenario.csv","mcf_scenario.csv","model_glm_dynamic.rds",NA,"SSP2",FALSE,"Zambia",TRUE,2000,11,2323,"18_SSP2_1_2323",25.6460197170575,1,9587,1656.34400751017,18,"urban_scenarios.csv","asfr_scenarios.csv","2022-04-13 17:10:13",NA,NA
"/data/metab/camille/MSM_ppp/analysis/data/derived_data/","education_scenarios.csv","base_pop.csv","mortality_scenarios.csv","elec_scenario.csv","mcf_scenario.csv","model_glm_dynamic.rds",NA,"SSP2",FALSE,"Zambia",TRUE,2000,11,41089,"18_SSP2_2_41089",26.3019823908806,2,9469,1676.9848980885,18,"urban_scenarios.csv","asfr_scenarios.csv","2022-04-13 17:10:13",NA,NA
"/data/metab/camille/MSM_ppp/analysis/data/derived_data/","education_scenarios.csv","base_pop.csv","mortality_scenarios.csv","elec_scenario.csv","mcf_scenario.csv","model_glm_dynamic.rds",NA,"Universal",FALSE,"Zambia",TRUE,2000,11,94555,"18_Universal_1_94555",22.8423192103704,1,9240,1718.54653679654,18,"urban_scenarios.csv","asfr_scenarios.csv","2022-04-13 17:10:13",NA,NA
"/data/metab/camille/MSM_ppp/analysis/data/derived_data/","education_scenarios.csv","base_pop.csv","mortality_scenarios.csv","elec_scenario.csv","mcf_scenario.csv","model_glm_dynamic.rds",NA,"Universal",FALSE,"Zambia",TRUE,2000,11,30296,"18_Universal_2_30296",23.9444774866104,2,9684,1639.75320115655,18,"urban_scenarios.csv","asfr_scenarios.csv","2022-04-13 17:10:13",NA,NA
"/data/metab/camille/MSM_ppp/analysis/data/derived_data/","education_scenarios.csv","base_pop.csv","mortality_scenarios.csv","elec_scenario.csv","mcf_scenario.csv","model_glm_base_w.rds",NA,"SSP1",FALSE,"Zambia",TRUE,2000,11,52727,"18_SSP1_1_52727",25.6260084231695,1,9495,1672.39283833597,19,"urban_scenarios.csv","asfr_scenarios.csv","2022-04-13 17:57:17",NA,NA
"/data/metab/camille/MSM_ppp/analysis/data/derived_data/","education_scenarios.csv","base_pop.csv","mortality_scenarios.csv","elec_scenario.csv","mcf_scenario.csv","model_glm_base_w.rds",NA,"SSP1",FALSE,"Zambia",TRUE,2000,11,45091,"18_SSP1_2_45091",25.2273325681686,2,9339,1700.32872898597,19,"urban_scenarios.csv","asfr_scenarios.csv","2022-04-13 17:57:17",NA,NA
"/data/metab/camille/MSM_ppp/analysis/data/derived_data/","education_scenarios.csv","base_pop.csv","mortality_scenarios.csv","elec_scenario.csv","mcf_scenario.csv","model_glm_base_w.rds",NA,"SSP2",FALSE,"Zambia",TRUE,2000,11,90825,"18_SSP2_1_90825",25.763728205363,1,9424,1684.9925721562,19,"urban_scenarios.csv","asfr_scenarios.csv","2022-04-13 17:57:17",NA,NA
"/data/metab/camille/MSM_ppp/analysis/data/derived_data/","education_scenarios.csv","base_pop.csv","mortality_scenarios.csv","elec_scenario.csv","mcf_scenario.csv","model_glm_base_w.rds",NA,"SSP2",FALSE,"Zambia",TRUE,2000,11,36338,"18_SSP2_2_36338",26.326610271136,2,9584,1656.86247913189,19,"urban_scenarios.csv","asfr_scenarios.csv","2022-04-13 17:57:17",NA,NA
"/data/metab/camille/MSM_ppp/analysis/data/derived_data/","education_scenarios.csv","base_pop.csv","mortality_scenarios.csv","elec_scenario.csv","mcf_scenario.csv","model_glm_base_w.rds",NA,"Universal",FALSE,"Zambia",TRUE,2000,11,94811,"18_Universal_1_94811",22.8160792549451,1,9141,1737.15895416256,19,"urban_scenarios.csv","asfr_scenarios.csv","2022-04-13 17:57:17",NA,NA
"/data/metab/camille/MSM_ppp/analysis/data/derived_data/","education_scenarios.csv","base_pop.csv","mortality_scenarios.csv","elec_scenario.csv","mcf_scenario.csv","model_glm_base_w.rds",NA,"Universal",FALSE,"Zambia",TRUE,2000,11,29536,"18_Universal_2_29536",24.2403991858164,2,9410,1687.49946865037,19,"urban_scenarios.csv","asfr_scenarios.csv","2022-04-13 17:57:17",NA,NA
"/data/metab/camille/MSM_ppp/analysis/data/derived_data/","education_scenarios.csv","base_pop.csv","mortality_scenarios.csv","elec_scenario.csv","mcf_scenario.csv","model_glm_educ_w.rds",NA,"SSP1",FALSE,"Zambia",TRUE,2000,11,79962,"20_SSP1_1_79962",21.8184925397237,1,9561,1660.84823763205,20,"urban_scenarios.csv","asfr_scenarios.csv","2022-04-13 23:03:33",NA,NA
"/data/metab/camille/MSM_ppp/analysis/data/derived_data/","education_scenarios.csv","base_pop.csv","mortality_scenarios.csv","elec_scenario.csv","mcf_scenario.csv","model_glm_educ_w.rds",NA,"SSP1",FALSE,"Zambia",TRUE,2000,11,88491,"20_SSP1_2_88491",21.3150291085243,2,9295,1708.37762237762,20,"urban_scenarios.csv","asfr_scenarios.csv","2022-04-13 23:03:33",NA,NA
"/data/metab/camille/MSM_ppp/analysis/data/derived_data/","education_scenarios.csv","base_pop.csv","mortality_scenarios.csv","elec_scenario.csv","mcf_scenario.csv","model_glm_educ_w.rds",NA,"SSP2",FALSE,"Zambia",TRUE,2000,11,92427,"20_SSP2_1_92427",23.4599691510201,1,9462,1678.2255337138,20,"urban_scenarios.csv","asfr_scenarios.csv","2022-04-13 23:03:33",NA,NA
"/data/metab/camille/MSM_ppp/analysis/data/derived_data/","education_scenarios.csv","base_pop.csv","mortality_scenarios.csv","elec_scenario.csv","mcf_scenario.csv","model_glm_educ_w.rds",NA,"SSP2",FALSE,"Zambia",TRUE,2000,11,97441,"20_SSP2_2_97441",23.1594872673353,2,9523,1667.47558542476,20,"urban_scenarios.csv","asfr_scenarios.csv","2022-04-13 23:03:33",NA,NA
"/data/metab/camille/MSM_ppp/analysis/data/derived_data/","education_scenarios.csv","base_pop.csv","mortality_scenarios.csv","elec_scenario.csv","mcf_scenario.csv","model_glm_educ_w.rds",NA,"Universal",FALSE,"Zambia",TRUE,2000,11,9965,"20_Universal_1_9965",21.1644587596258,1,9352,1697.96514114628,20,"urban_scenarios.csv","asfr_scenarios.csv","2022-04-13 23:03:33",NA,NA
"/data/metab/camille/MSM_ppp/analysis/data/derived_data/","education_scenarios.csv","base_pop.csv","mortality_scenarios.csv","elec_scenario.csv","mcf_scenario.csv","model_glm_educ_w.rds",NA,"Universal",FALSE,"Zambia",TRUE,2000,11,67171,"20_Universal_2_67171",18.318036365509,2,9343,1699.60077063042,20,"urban_scenarios.csv","asfr_scenarios.csv","2022-04-13 23:03:33",NA,NA
"/data/metab/camille/MSM_ppp/analysis/data/derived_data/","education_scenarios.csv","base_pop.csv","mortality_scenarios.csv","elec_scenario.csv","mcf_scenario.csv","model_glm_energy_w.rds",NA,"SSP1",FALSE,"Zambia",TRUE,2000,11,58636,"21_SSP1_1_58636",22.4686421473821,1,9438,1682.49311294766,21,"urban_scenarios.csv","asfr_scenarios.csv","2022-04-13 23:05:13",NA,NA
"/data/metab/camille/MSM_ppp/analysis/data/derived_data/","education_scenarios.csv","base_pop.csv","mortality_scenarios.csv","elec_scenario.csv","mcf_scenario.csv","model_glm_energy_w.rds",NA,"SSP1",FALSE,"Zambia",TRUE,2000,11,7778,"21_SSP1_2_7778",24.0677594304085,2,9269,1713.16970546985,21,"urban_scenarios.csv","asfr_scenarios.csv","2022-04-13 23:05:15",NA,NA
"/data/metab/camille/MSM_ppp/analysis/data/derived_data/","education_scenarios.csv","base_pop.csv","mortality_scenarios.csv","elec_scenario.csv","mcf_scenario.csv","model_glm_energy_w.rds",NA,"SSP2",FALSE,"Zambia",TRUE,2000,11,38581,"21_SSP2_1_38581",23.1314403891563,1,9520,1668.00105042017,21,"urban_scenarios.csv","asfr_scenarios.csv","2022-04-13 23:05:13",NA,NA
"/data/metab/camille/MSM_ppp/analysis/data/derived_data/","education_scenarios.csv","base_pop.csv","mortality_scenarios.csv","elec_scenario.csv","mcf_scenario.csv","model_glm_energy_w.rds",NA,"SSP2",FALSE,"Zambia",TRUE,2000,11,97821,"21_SSP2_2_97821",21.1196566621463,2,9245,1717.61709031909,21,"urban_scenarios.csv","asfr_scenarios.csv","2022-04-13 23:05:15",NA,NA
"/data/metab/camille/MSM_ppp/analysis/data/derived_data/","education_scenarios.csv","base_pop.csv","mortality_scenarios.csv","elec_scenario.csv","mcf_scenario.csv","model_glm_energy_w.rds",NA,"Universal",FALSE,"Zambia",TRUE,2000,11,92859,"21_Universal_1_92859",22.7918826619784,1,9381,1692.71612834453,21,"urban_scenarios.csv","asfr_scenarios.csv","2022-04-13 23:05:15",NA,NA
"/data/metab/camille/MSM_ppp/analysis/data/derived_data/","education_scenarios.csv","base_pop.csv","mortality_scenarios.csv","elec_scenario.csv","mcf_scenario.csv","model_glm_energy_w.rds",NA,"Universal",FALSE,"Zambia",TRUE,2000,11,11452,"21_Universal_2_11452",20.3146533250809,2,9551,1662.58716364779,21,"urban_scenarios.csv","asfr_scenarios.csv","2022-04-13 23:05:15",NA,NA
"/data/metab/camille/MSM_ppp/analysis/data/derived_data/","education_scenarios.csv","base_pop_calib.csv","mortality_scenarios.csv","elec_scenario.csv","mcf_scenario.csv","model_glm_dynamic.rds",NA,"SSP1",FALSE,"Zambia",TRUE,-1,11,42614,"22_SSP1_1_42614",2.13199872228834,1,45974.9590781242,345.391715803739,22,"urban_scenarios.csv","asfr_scenarios.csv","2022-04-28 13:50:42",NA,NA
"/data/metab/camille/MSM_ppp/analysis/data/derived_data/","education_scenarios.csv","base_pop_calib.csv","mortality_scenarios.csv","elec_scenario.csv","mcf_scenario.csv","model_glm_dynamic.rds",NA,"SSP1",FALSE,"Zambia",TRUE,-1,11,54570,"22_SSP1_2_54570",2.35838051186668,2,45454.7640682905,349.344459826985,22,"urban_scenarios.csv","asfr_scenarios.csv","2022-04-28 13:50:42",NA,NA
"/data/metab/camille/MSM_ppp/analysis/data/derived_data/","education_scenarios.csv","base_pop_calib.csv","mortality_scenarios.csv","elec_scenario.csv","mcf_scenario.csv","model_glm_dynamic.rds",NA,"SSP1",FALSE,"Zambia",TRUE,-1,11,34526,"22_SSP1_3_34526",2.11408430258433,3,45716.4977937056,347.344411018867,22,"urban_scenarios.csv","asfr_scenarios.csv","2022-04-28 13:50:42",NA,NA
"/data/metab/camille/MSM_ppp/analysis/data/derived_data/","education_scenarios.csv","base_pop_calib.csv","mortality_scenarios.csv","elec_scenario.csv","mcf_scenario.csv","model_glm_dynamic.rds",NA,"SSP2",FALSE,"Zambia",TRUE,-1,11,79466,"22_SSP2_1_79466",2.58570443226231,1,46149.2049568982,344.087617865374,22,"urban_scenarios.csv","asfr_scenarios.csv","2022-04-28 13:50:42",NA,NA
"/data/metab/camille/MSM_ppp/analysis/data/derived_data/","education_scenarios.csv","base_pop_calib.csv","mortality_scenarios.csv","elec_scenario.csv","mcf_scenario.csv","model_glm_dynamic.rds",NA,"SSP2",FALSE,"Zambia",TRUE,-1,11,74894,"22_SSP2_2_74894",2.42797347095278,2,45269.0654865242,350.777508422987,22,"urban_scenarios.csv","asfr_scenarios.csv","2022-04-28 13:50:42",NA,NA
"/data/metab/camille/MSM_ppp/analysis/data/derived_data/","education_scenarios.csv","base_pop_calib.csv","mortality_scenarios.csv","elec_scenario.csv","mcf_scenario.csv","model_glm_dynamic.rds",NA,"SSP2",FALSE,"Zambia",TRUE,-1,11,45905,"22_SSP2_3_45905",2.67022586392032,3,45547.5381446231,348.632893167127,22,"urban_scenarios.csv","asfr_scenarios.csv","2022-04-28 13:50:42",NA,NA
"/data/metab/camille/MSM_ppp/analysis/data/derived_data/","education_scenarios.csv","base_pop_calib.csv","mortality_scenarios.csv","elec_scenario.csv","mcf_scenario.csv","model_glm_dynamic.rds",NA,"Universal",FALSE,"Zambia",TRUE,-1,11,57262,"22_Universal_1_57262",2.11119505147139,1,45320.3493659878,350.380573454211,22,"urban_scenarios.csv","asfr_scenarios.csv","2022-04-28 13:50:42",NA,NA
"/data/metab/camille/MSM_ppp/analysis/data/derived_data/","education_scenarios.csv","base_pop_calib.csv","mortality_scenarios.csv","elec_scenario.csv","mcf_scenario.csv","model_glm_dynamic.rds",NA,"Universal",FALSE,"Zambia",TRUE,-1,11,73705,"22_Universal_2_73705",1.95701507343186,2,45346.2216907626,350.180663524493,22,"urban_scenarios.csv","asfr_scenarios.csv","2022-04-28 13:50:42",NA,NA
"/data/metab/camille/MSM_ppp/analysis/data/derived_data/","education_scenarios.csv","base_pop_calib.csv","mortality_scenarios.csv","elec_scenario.csv","mcf_scenario.csv","model_glm_dynamic.rds",NA,"Universal",FALSE,"Zambia",TRUE,-1,11,55472,"22_Universal_3_55472",2.23914548476537,3,45251.5209147103,350.913509181919,22,"urban_scenarios.csv","asfr_scenarios.csv","2022-04-28 13:50:42",NA,NA
"/data/metab/camille/MSM_ppp/analysis/data/derived_data/","education_scenarios.csv","base_pop_calib.csv","mortality_scenarios.csv","elec_scenario.csv","mcf_scenario.csv","model_glm_dynamic.rds",NA,"SSP1",FALSE,"Zambia",TRUE,-1,11,67199,"23_SSP1_1_67199",5.99749608953794,1,66895.2998468591,237.376467948452,23,"urban_scenarios.csv","asfr_scenarios.csv","2022-05-03 10:45:35",NA,NA
"/data/metab/camille/MSM_ppp/analysis/data/derived_data/","education_scenarios.csv","base_pop_calib.csv","mortality_scenarios.csv","elec_scenario.csv","mcf_scenario.csv","model_glm_dynamic.rds",NA,"SSP1",FALSE,"Zambia",TRUE,-1,11,99524,"23_SSP1_2_99524",5.91629642850823,2,66805.4930987325,237.695573574043,23,"urban_scenarios.csv","asfr_scenarios.csv","2022-05-03 10:45:35",NA,NA
"/data/metab/camille/MSM_ppp/analysis/data/derived_data/","education_scenarios.csv","base_pop_calib.csv","mortality_scenarios.csv","elec_scenario.csv","mcf_scenario.csv","model_glm_dynamic.rds",NA,"SSP1",FALSE,"Zambia",TRUE,-1,11,69698,"23_SSP1_3_69698",6.13484252658155,3,66924.6550789496,237.272347257785,23,"urban_scenarios.csv","asfr_scenarios.csv","2022-05-03 10:45:35",NA,NA
"/data/metab/camille/MSM_ppp/analysis/data/derived_data/","education_scenarios.csv","base_pop_calib.csv","mortality_scenarios.csv","elec_scenario.csv","mcf_scenario.csv","model_glm_dynamic.rds",NA,"SSP2",FALSE,"Zambia",TRUE,-1,11,18802,"23_SSP2_1_18802",6.51916848745611,1,66913.2404682104,237.312823125702,23,"urban_scenarios.csv","asfr_scenarios.csv","2022-05-03 10:45:35",NA,NA
"/data/metab/camille/MSM_ppp/analysis/data/derived_data/","education_scenarios.csv","base_pop_calib.csv","mortality_scenarios.csv","elec_scenario.csv","mcf_scenario.csv","model_glm_dynamic.rds",NA,"SSP2",FALSE,"Zambia",TRUE,-1,11,90004,"23_SSP2_2_90004",6.58268901308378,2,66920.5831470989,237.286784621936,23,"urban_scenarios.csv","asfr_scenarios.csv","2022-05-03 10:45:35",NA,NA
"/data/metab/camille/MSM_ppp/analysis/data/derived_data/","education_scenarios.csv","base_pop_calib.csv","mortality_scenarios.csv","elec_scenario.csv","mcf_scenario.csv","model_glm_dynamic.rds",NA,"SSP2",FALSE,"Zambia",TRUE,-1,11,7946,"23_SSP2_3_7946",4.85627129455407,3,67113.7061180205,236.603980296899,23,"urban_scenarios.csv","asfr_scenarios.csv","2022-05-03 10:45:35",NA,NA
"/data/metab/camille/MSM_ppp/analysis/data/derived_data/","education_scenarios.csv","base_pop_calib.csv","mortality_scenarios.csv","elec_scenario.csv","mcf_scenario.csv","model_glm_dynamic.rds",NA,"Universal",FALSE,"Zambia",TRUE,-1,11,41536,"23_Universal_1_41536",5.34925245073107,1,66875.8293232021,237.445578779399,23,"urban_scenarios.csv","asfr_scenarios.csv","2022-05-03 10:45:35",NA,NA
"/data/metab/camille/MSM_ppp/analysis/data/derived_data/","education_scenarios.csv","base_pop_calib.csv","mortality_scenarios.csv","elec_scenario.csv","mcf_scenario.csv","model_glm_dynamic.rds",NA,"Universal",FALSE,"Zambia",TRUE,-1,11,78307,"23_Universal_2_78307",5.26879569881492,2,66821.6846406106,237.637977632629,23,"urban_scenarios.csv","asfr_scenarios.csv","2022-05-03 10:45:35",NA,NA
"/data/metab/camille/MSM_ppp/analysis/data/derived_data/","education_scenarios.csv","base_pop_calib.csv","mortality_scenarios.csv","elec_scenario.csv","mcf_scenario.csv","model_glm_dynamic.rds",NA,"Universal",FALSE,"Zambia",TRUE,-1,11,25945,"23_Universal_3_25945",4.07922187109788,3,66683.7947788631,238.129369401654,23,"urban_scenarios.csv","asfr_scenarios.csv","2022-05-03 10:45:35",NA,NA
"/data/metab/camille/MSM_ppp/analysis/data/derived_data/","education_scenarios.csv","base_pop_calib.csv","mortality_scenarios.csv","elec_scenario.csv","mcf_scenario.csv","model_glm_dynamic.rds",NA,"SSP1",FALSE,"Zambia",TRUE,4000,11,52364,"24_SSP1_1_52364",5.67072905732526,1,66571.8749962638,238.529709443984,24,"urban_scenarios.csv","asfr_scenarios.csv","2022-05-05 15:58:53",NA,NA
"/data/metab/camille/MSM_ppp/analysis/data/derived_data/","education_scenarios.csv","base_pop_calib.csv","mortality_scenarios.csv","elec_scenario.csv","mcf_scenario.csv","model_glm_dynamic.rds",NA,"SSP1",FALSE,"Zambia",TRUE,4000,11,57970,"24_SSP1_2_57970",5.86414221849706,2,66891.934085355,237.388411878444,24,"urban_scenarios.csv","asfr_scenarios.csv","2022-05-05 15:58:53",NA,NA
"/data/metab/camille/MSM_ppp/analysis/data/derived_data/","education_scenarios.csv","base_pop_calib.csv","mortality_scenarios.csv","elec_scenario.csv","mcf_scenario.csv","model_glm_dynamic.rds",NA,"SSP1",FALSE,"Zambia",TRUE,4000,11,12003,"24_SSP1_3_12003",5.82648918257819,3,66689.3049910229,238.109693932746,24,"urban_scenarios.csv","asfr_scenarios.csv","2022-05-05 15:58:53",NA,NA
"/data/metab/camille/MSM_ppp/analysis/data/derived_data/","education_scenarios.csv","base_pop_calib.csv","mortality_scenarios.csv","elec_scenario.csv","mcf_scenario.csv","model_glm_dynamic.rds",NA,"SSP2",FALSE,"Zambia",TRUE,4000,11,67185,"24_SSP2_1_67185",6.35570237232579,1,66815.7989486291,237.658910764634,24,"urban_scenarios.csv","asfr_scenarios.csv","2022-05-05 15:58:53",NA,NA
"/data/metab/camille/MSM_ppp/analysis/data/derived_data/","education_scenarios.csv","base_pop_calib.csv","mortality_scenarios.csv","elec_scenario.csv","mcf_scenario.csv","model_glm_dynamic.rds",NA,"SSP2",FALSE,"Zambia",TRUE,4000,11,21542,"24_SSP2_2_21542",6.33712351825502,2,66558.2350512634,238.578591931857,24,"urban_scenarios.csv","asfr_scenarios.csv","2022-05-05 15:58:53",NA,NA
"/data/metab/camille/MSM_ppp/analysis/data/derived_data/","education_scenarios.csv","base_pop_calib.csv","mortality_scenarios.csv","elec_scenario.csv","mcf_scenario.csv","model_glm_dynamic.rds",NA,"SSP2",FALSE,"Zambia",TRUE,4000,11,7472,"24_SSP2_3_7472",6.21704160233339,3,67065.5798474875,236.773767349973,24,"urban_scenarios.csv","asfr_scenarios.csv","2022-05-05 15:58:53",NA,NA
"/data/metab/camille/MSM_ppp/analysis/data/derived_data/","education_scenarios.csv","base_pop_calib.csv","mortality_scenarios.csv","elec_scenario.csv","mcf_scenario.csv","model_glm_dynamic.rds",NA,"Universal",FALSE,"Zambia",TRUE,4000,11,26078,"24_Universal_1_26078",5.00193127155304,1,66598.3919921818,238.434735809599,24,"urban_scenarios.csv","asfr_scenarios.csv","2022-05-05 15:58:53",NA,NA
"/data/metab/camille/MSM_ppp/analysis/data/derived_data/","education_scenarios.csv","base_pop_calib.csv","mortality_scenarios.csv","elec_scenario.csv","mcf_scenario.csv","model_glm_dynamic.rds",NA,"Universal",FALSE,"Zambia",TRUE,4000,11,43606,"24_Universal_2_43606",5.04935408810775,2,66898.335340162,237.365697057441,24,"urban_scenarios.csv","asfr_scenarios.csv","2022-05-05 15:58:53",NA,NA
"/data/metab/camille/MSM_ppp/analysis/data/derived_data/","education_scenarios.csv","base_pop_calib.csv","mortality_scenarios.csv","elec_scenario.csv","mcf_scenario.csv","model_glm_dynamic.rds",NA,"Universal",FALSE,"Zambia",TRUE,4000,11,37411,"24_Universal_3_37411",4.87273831533061,3,66765.7947140697,237.83690537954,24,"urban_scenarios.csv","asfr_scenarios.csv","2022-05-05 15:58:53",NA,NA
"/data/metab/camille/MSM_ppp/analysis/data/derived_data/","education_scenarios_without_edu_trans.csv","base_pop_calib_2015.csv","mortality_scenarios.csv","elec_scenario.csv","mcf_scenario.csv","model_glm_dynamic.rds",NA,"SSP1",FALSE,"Zambia",TRUE,-1,11,61866,"26_SSP1_1_61866",4.78014229880439,1,67295.2027365236,235.96585424033,26,"urban_scenarios.csv","asfr_scenarios.csv","2022-05-31 10:24:57",NA,NA
"/data/metab/camille/MSM_ppp/analysis/data/derived_data/","education_scenarios_without_edu_trans.csv","base_pop_calib_2015.csv","mortality_scenarios.csv","elec_scenario.csv","mcf_scenario.csv","model_glm_dynamic.rds",NA,"SSP1",FALSE,"Zambia",TRUE,-1,11,74168,"26_SSP1_2_74168",4.8581680838267,2,67279.3186347957,236.021563865652,26,"urban_scenarios.csv","asfr_scenarios.csv","2022-05-31 10:24:57",NA,NA
"/data/metab/camille/MSM_ppp/analysis/data/derived_data/","education_scenarios_without_edu_trans.csv","base_pop_calib_2015.csv","mortality_scenarios.csv","elec_scenario.csv","mcf_scenario.csv","model_glm_dynamic.rds",NA,"SSP1",FALSE,"Zambia",TRUE,-1,11,14748,"26_SSP1_3_14748",5.0876260979308,3,67463.1770519365,235.378330726631,26,"urban_scenarios.csv","asfr_scenarios.csv","2022-05-31 10:24:57",NA,NA
"/data/metab/camille/MSM_ppp/analysis/data/derived_data/","education_scenarios_without_edu_trans.csv","base_pop_calib_2015.csv","mortality_scenarios.csv","elec_scenario.csv","mcf_scenario.csv","model_glm_dynamic.rds",NA,"SSP2",FALSE,"Zambia",TRUE,-1,11,596,"26_SSP2_1_596",5.17446072128084,1,67811.7432653658,234.168438022006,26,"urban_scenarios.csv","asfr_scenarios.csv","2022-05-31 10:24:57",NA,NA
"/data/metab/camille/MSM_ppp/analysis/data/derived_data/","education_scenarios_without_edu_trans.csv","base_pop_calib_2015.csv","mortality_scenarios.csv","elec_scenario.csv","mcf_scenario.csv","model_glm_dynamic.rds",NA,"SSP2",FALSE,"Zambia",TRUE,-1,11,62760,"26_SSP2_2_62760",5.73486740191778,2,67636.8137135702,234.774069447539,26,"urban_scenarios.csv","asfr_scenarios.csv","2022-05-31 10:24:57",NA,NA
"/data/metab/camille/MSM_ppp/analysis/data/derived_data/","education_scenarios_without_edu_trans.csv","base_pop_calib_2015.csv","mortality_scenarios.csv","elec_scenario.csv","mcf_scenario.csv","model_glm_dynamic.rds",NA,"SSP2",FALSE,"Zambia",TRUE,-1,11,5297,"26_SSP2_3_5297",5.74254747066233,3,67855.5215944436,234.017359632238,26,"urban_scenarios.csv","asfr_scenarios.csv","2022-05-31 10:24:57",NA,NA
"/data/metab/camille/MSM_ppp/analysis/data/derived_data/","education_scenarios_without_edu_trans.csv","base_pop_calib_2015.csv","mortality_scenarios.csv","elec_scenario.csv","mcf_scenario.csv","model_glm_dynamic.rds",NA,"Universal",FALSE,"Zambia",TRUE,-1,11,66133,"26_Universal_1_66133",4.24933898164166,1,67383.0846391931,235.658104478699,26,"urban_scenarios.csv","asfr_scenarios.csv","2022-05-31 10:24:57",NA,NA
"/data/metab/camille/MSM_ppp/analysis/data/derived_data/","education_scenarios_without_edu_trans.csv","base_pop_calib_2015.csv","mortality_scenarios.csv","elec_scenario.csv","mcf_scenario.csv","model_glm_dynamic.rds",NA,"Universal",FALSE,"Zambia",TRUE,-1,11,15675,"26_Universal_2_15675",4.41861281779077,2,67270.6898783574,236.051838158847,26,"urban_scenarios.csv","asfr_scenarios.csv","2022-05-31 10:24:57",NA,NA
"/data/metab/camille/MSM_ppp/analysis/data/derived_data/","education_scenarios_without_edu_trans.csv","base_pop_calib_2015.csv","mortality_scenarios.csv","elec_scenario.csv","mcf_scenario.csv","model_glm_dynamic.rds",NA,"Universal",FALSE,"Zambia",TRUE,-1,11,10198,"26_Universal_3_10198",4.6235727180375,3,67181.1200453175,236.366556396923,26,"urban_scenarios.csv","asfr_scenarios.csv","2022-05-31 10:24:57",NA,NA
"/data/metab/camille/MSM_ppp/analysis/data/derived_data/","education_scenarios_without_edu_trans.csv","base_pop_calib_2015.csv","mortality_scenarios.csv","elec_scenario.csv","mcf_scenario.csv","model_glm_base_w.rds",NA,"SSP1",FALSE,"Zambia",TRUE,-1,11,96942,"27_SSP1_1_96942",4.86899617989858,1,67461.3632926177,235.384659084375,27,"urban_scenarios.csv","asfr_scenarios.csv","2022-06-08 12:30:48",NA,NA
"/data/metab/camille/MSM_ppp/analysis/data/derived_data/","education_scenarios_without_edu_trans.csv","base_pop_calib_2015.csv","mortality_scenarios.csv","elec_scenario.csv","mcf_scenario.csv","model_glm_base_w.rds",NA,"SSP1",FALSE,"Zambia",TRUE,-1,11,88602,"27_SSP1_2_88602",5.39435948100355,2,67537.248885824,235.12017830109,27,"urban_scenarios.csv","asfr_scenarios.csv","2022-06-08 12:30:48",NA,NA
"/data/metab/camille/MSM_ppp/analysis/data/derived_data/","education_scenarios_without_edu_trans.csv","base_pop_calib_2015.csv","mortality_scenarios.csv","elec_scenario.csv","mcf_scenario.csv","model_glm_base_w.rds",NA,"SSP1",FALSE,"Zambia",TRUE,-1,11,87439,"27_SSP1_3_87439",5.19011868317922,3,67443.4598796881,235.447143849486,27,"urban_scenarios.csv","asfr_scenarios.csv","2022-06-08 12:30:48",NA,NA
"/data/metab/camille/MSM_ppp/analysis/data/derived_data/","education_scenarios_without_edu_trans.csv","base_pop_calib_2015.csv","mortality_scenarios.csv","elec_scenario.csv","mcf_scenario.csv","model_glm_base_w.rds",NA,"SSP2",FALSE,"Zambia",TRUE,-1,11,30560,"27_SSP2_1_30560",5.52093171642886,1,67460.326685101,235.388276047395,27,"urban_scenarios.csv","asfr_scenarios.csv","2022-06-08 12:30:48",NA,NA
"/data/metab/camille/MSM_ppp/analysis/data/derived_data/","education_scenarios_without_edu_trans.csv","base_pop_calib_2015.csv","mortality_scenarios.csv","elec_scenario.csv","mcf_scenario.csv","model_glm_base_w.rds",NA,"Universal",FALSE,"Zambia",TRUE,-1,11,98303,"27_Universal_1_98303",4.66250518646505,1,67399.1409382838,235.601964341659,27,"urban_scenarios.csv","asfr_scenarios.csv","2022-06-08 12:30:48",NA,NA
"/data/metab/camille/MSM_ppp/analysis/data/derived_data/","education_scenarios_without_edu_trans.csv","base_pop_calib_2015.csv","mortality_scenarios.csv","elec_scenario.csv","mcf_scenario.csv","model_glm_base_w.rds",NA,"Universal",FALSE,"Zambia",TRUE,-1,11,62401,"27_Universal_2_62401",4.73433155152533,2,67591.2769113606,234.932238679619,27,"urban_scenarios.csv","asfr_scenarios.csv","2022-06-08 12:30:48",NA,NA
"/data/metab/camille/MSM_ppp/analysis/data/derived_data/","education_scenarios_without_edu_trans.csv","base_pop_calib_2015.csv","mortality_scenarios.csv","elec_scenario.csv","mcf_scenario.csv","model_glm_base_w.rds",NA,"Universal",FALSE,"Zambia",TRUE,-1,11,34611,"27_Universal_3_34611",4.78832998580403,3,67246.8508612618,236.135518565189,27,"urban_scenarios.csv","asfr_scenarios.csv","2022-06-08 12:30:48",NA,NA
"/data/metab/camille/MSM_ppp/analysis/data/derived_data/","education_scenarios_without_edu_trans.csv","base_pop_sogreen_calib_2015_33330_girls.csv","mortality_scenarios.csv","elec_scenario.csv","mcf_scenario.csv","model_glm_sogreen3.rds",NA,"SSP2",FALSE,"Zambia",TRUE,-1,8,11,"SG9_SSP2_1_11_baseline",9.55381851891677,1,41859.1775657063,379.352173727593,NA,"urban_scenarios.csv","asfr_scenarios.csv","2022-06-14 09:25:00","baseline","11"
"/data/metab/camille/MSM_ppp/analysis/data/derived_data/","education_scenarios_without_edu_trans.csv","base_pop_sogreen_calib_2015_33330_girls.csv","mortality_scenarios.csv","elec_scenario.csv","mcf_scenario.csv","model_glm_sogreen3.rds",NA,"SSP2",FALSE,"Zambia",TRUE,-1,8,11,"SG9_SSP2_1_11_sogreen",8.64275273793274,1,41809.6464357137,379.801585368966,NA,"urban_scenarios.csv","asfr_scenarios.csv","2022-06-14 09:25:00","sogreen","11"
"/data/metab/camille/MSM_ppp/analysis/data/derived_data/","education_scenarios_without_edu_trans.csv","base_pop_sogreen_calib_2015_33330_girls.csv","mortality_scenarios.csv","elec_scenario.csv","mcf_scenario.csv","model_glm_sogreen3.rds",NA,"SSP2",FALSE,"Zambia",TRUE,-1,8,22,"SG9_SSP2_2_22_baseline",9.59271557105912,2,41637.5380460476,381.371491811998,NA,"urban_scenarios.csv","asfr_scenarios.csv","2022-06-14 09:25:00","baseline","22"
"/data/metab/camille/MSM_ppp/analysis/data/derived_data/","education_scenarios_without_edu_trans.csv","base_pop_sogreen_calib_2015_33330_girls.csv","mortality_scenarios.csv","elec_scenario.csv","mcf_scenario.csv","model_glm_sogreen3.rds",NA,"SSP2",FALSE,"Zambia",TRUE,-1,8,22,"SG9_SSP2_2_22_sogreen",8.58015011456278,2,41588.6259681318,381.820020025858,NA,"urban_scenarios.csv","asfr_scenarios.csv","2022-06-14 09:25:00","sogreen","22"
"/data/metab/camille/MSM_ppp/analysis/data/derived_data/","education_scenarios_without_edu_trans.csv","base_pop_sogreen_calib_2015_33330_girls.csv","mortality_scenarios.csv","elec_scenario.csv","mcf_scenario.csv","model_glm_sogreen3.rds",NA,"SSP2",FALSE,"Zambia",TRUE,-1,8,33,"SG9_SSP2_3_33_baseline",8.8362896731827,3,41958.4218476432,378.454891789309,NA,"urban_scenarios.csv","asfr_scenarios.csv","2022-06-14 09:25:00","baseline","33"
"/data/metab/camille/MSM_ppp/analysis/data/derived_data/","education_scenarios_without_edu_trans.csv","base_pop_sogreen_calib_2015_33330_girls.csv","mortality_scenarios.csv","elec_scenario.csv","mcf_scenario.csv","model_glm_sogreen3.rds",NA,"SSP2",FALSE,"Zambia",TRUE,-1,8,33,"SG9_SSP2_3_33_sogreen",7.61904378129376,3,42128.4198190925,376.927738286626,NA,"urban_scenarios.csv","asfr_scenarios.csv","2022-06-14 09:25:00","sogreen","33"
